<?xml version="1.0" encoding="utf-8"?>
<map>
    <node id="1" latitude="4961000" longitude="6120000" />
    <node id="2" latitude="4961500" longitude="6125000" />
    <node id="3" latitude="4962000" longitude="6120000" />
    <node id="4" latitude="4961000" longitude="6130000" />
    <node id="5" latitude="4960000" longitude="6125000" />
    
    <arc from="1" to="2" length="100" />
    <arc from="2" to="1" length="100" />
    <arc from="2" to="3" length="100" />
    <arc from="3" to="2" length="100" />
    <arc from="2" to="4" length="150" />
    <arc from="4" to="2" length="150" />
    <arc from="1" to="5" length="120" />
    <arc from="5" to="1" length="120" />
    <arc from="4" to="5" length="200" />
    <arc from="5" to="4" length="200" />
</map>
